rank,file,t_sec,score,U,A,D,n_boxes,n_ambiguous,empty,selected
1,frame_0074.jpg,29.6,0.8177,0.6355,1.0,1.0,7,6,False,True
2,frame_0123.jpg,49.2,0.7487,0.7415,0.8333,0.64,5,5,False,True
3,frame_0029.jpg,11.6,0.7405,0.6809,0.6667,1.0,4,4,False,True
4,frame_0002.jpg,0.8,0.7127,0.5254,0.8333,1.0,5,5,False,True
5,frame_0070.jpg,28.0,0.7079,0.8159,0.3333,1.0,4,2,False,False
6,frame_0121.jpg,48.4,0.7025,0.8809,0.5,0.56,3,3,False,False
7,frame_0019.jpg,7.6,0.6848,0.8696,0.1667,1.0,1,1,False,True
8,frame_0009.jpg,3.6,0.6833,0.7666,0.3333,1.0,2,2,False,True
9,frame_0075.jpg,30.0,0.6778,0.4716,0.8333,0.96,6,5,False,False
10,frame_0375.jpg,150.0,0.6663,0.7526,0.8333,0.2,8,5,False,True
11,frame_0130.jpg,52.0,0.6655,0.6629,0.5,0.92,3,3,False,True
12,frame_0205.jpg,82.0,0.6652,0.9424,0.1667,0.72,1,1,False,True
13,frame_0398.jpg,159.2,0.6645,0.733,0.8333,0.24,7,5,False,True
14,frame_0028.jpg,11.2,0.6628,0.8256,0.1667,1.0,2,1,False,False
15,frame_0376.jpg,150.4,0.6616,0.8592,0.6667,0.16,7,4,False,False
16,frame_0073.jpg,29.2,0.653,0.6061,0.5,1.0,6,3,False,False
17,frame_0071.jpg,28.4,0.6526,0.6052,0.5,1.0,5,3,False,False
18,frame_0276.jpg,110.4,0.6424,0.6888,0.8333,0.24,7,5,False,True
19,frame_0209.jpg,83.6,0.6423,0.7966,0.3333,0.72,2,2,False,False
20,frame_0126.jpg,50.4,0.6413,0.5786,0.6667,0.76,7,4,False,False
21,frame_0004.jpg,1.6,0.6401,0.5802,0.5,1.0,4,3,False,False
22,frame_0367.jpg,146.8,0.6374,0.6428,1.0,0.08,7,6,False,True
23,frame_0000.jpg,0.0,0.6281,0.5563,0.5,1.0,3,3,False,False
24,frame_0298.jpg,119.2,0.6207,0.6173,0.6667,0.56,5,4,False,False
25,frame_0010.jpg,4.0,0.6195,0.739,0.1667,1.0,1,1,False,False
26,frame_0069.jpg,27.6,0.6135,0.627,0.3333,1.0,4,2,False,False
27,frame_0031.jpg,12.4,0.6113,0.4226,0.6667,1.0,7,4,False,False
28,frame_0133.jpg,53.2,0.6095,0.4189,0.6667,1.0,5,4,False,False
29,frame_0072.jpg,28.8,0.6072,0.6144,0.3333,1.0,6,2,False,False
30,frame_0007.jpg,2.8,0.6065,0.6131,0.3333,1.0,4,2,False,False
31,frame_0106.jpg,42.4,0.6053,0.6946,0.8333,0.04,6,5,False,False
32,frame_0084.jpg,33.6,0.5993,0.8586,0.1667,0.6,2,1,False,False
33,frame_0286.jpg,114.4,0.5856,0.6152,0.5,0.64,6,3,False,False
34,frame_0078.jpg,31.2,0.5846,0.5331,0.5,0.84,6,3,False,False
35,frame_0001.jpg,0.4,0.5839,0.4678,0.5,1.0,6,3,False,False
36,frame_0027.jpg,10.8,0.5792,0.5584,0.3333,1.0,3,2,False,False
37,frame_0274.jpg,109.6,0.5754,0.5868,0.8333,0.16,7,5,False,False
38,frame_0318.jpg,127.2,0.5706,0.6452,0.6667,0.24,8,4,False,False
39,frame_0306.jpg,122.4,0.5703,0.6445,0.6667,0.24,5,4,False,False
40,frame_0077.jpg,30.8,0.566,0.48,0.5,0.88,7,3,False,False
41,frame_0175.jpg,70.0,0.5628,0.6136,0.6667,0.28,7,4,False,False
42,frame_0283.jpg,113.2,0.5609,0.5137,0.6667,0.52,5,4,False,False
43,frame_0328.jpg,131.2,0.5592,0.5864,0.8333,0.08,10,5,False,False
44,frame_0275.jpg,110.0,0.5532,0.6264,0.6667,0.2,5,4,False,False
45,frame_0127.jpg,50.8,0.5525,0.485,0.5,0.8,6,3,False,False
46,frame_0321.jpg,128.4,0.5513,0.5227,0.8333,0.2,5,5,False,False
47,frame_0129.jpg,51.6,0.5471,0.5422,0.3333,0.88,5,2,False,False
48,frame_0317.jpg,126.8,0.5469,0.6138,0.6667,0.2,6,4,False,False
49,frame_0197.jpg,78.8,0.5464,0.8328,0.1667,0.4,1,1,False,False
50,frame_0014.jpg,5.6,0.5455,0.3911,0.5,1.0,4,3,False,False
51,frame_0225.jpg,90.0,0.5418,0.5517,0.8333,0.08,6,5,False,False
52,frame_0095.jpg,38.0,0.541,0.6179,0.6667,0.16,5,4,False,False
53,frame_0017.jpg,6.8,0.5396,0.4793,0.3333,1.0,4,2,False,False
54,frame_0176.jpg,70.4,0.5385,0.4811,0.8333,0.24,7,5,False,False
55,frame_0021.jpg,8.4,0.538,0.3761,0.5,1.0,4,3,False,False
56,frame_0193.jpg,77.2,0.5372,0.5784,0.6667,0.24,6,4,False,False
57,frame_0079.jpg,31.6,0.5369,0.4538,0.5,0.8,4,3,False,False
58,frame_0168.jpg,67.2,0.5341,0.5442,0.5,0.56,6,3,False,False
59,frame_0301.jpg,120.4,0.534,0.392,0.8333,0.44,6,5,False,False
60,frame_0386.jpg,154.4,0.5312,0.5664,0.6667,0.24,7,4,False,False
61,frame_0316.jpg,126.4,0.5298,0.5956,0.6667,0.16,6,4,False,False
62,frame_0397.jpg,158.8,0.5289,0.7778,0.3333,0.2,7,2,False,False
63,frame_0016.jpg,6.4,0.5286,0.4573,0.3333,1.0,4,2,False,False
64,frame_0210.jpg,84.0,0.5286,0.5853,0.3333,0.68,2,2,False,False
65,frame_0030.jpg,12.0,0.5255,0.451,0.3333,1.0,6,2,False,False
66,frame_0297.jpg,118.8,0.525,0.5099,0.5,0.6,5,3,False,False
67,frame_0284.jpg,113.6,0.5181,0.5121,0.5,0.56,4,3,False,False
68,frame_0305.jpg,122.0,0.5181,0.5242,0.6667,0.28,5,4,False,False
69,frame_0011.jpg,4.4,0.5161,0.4323,0.3333,1.0,3,2,False,False
70,frame_0291.jpg,116.4,0.516,0.396,0.5,0.84,5,3,False,False
71,frame_0015.jpg,6.0,0.5123,0.4247,0.3333,1.0,3,2,False,False
72,frame_0289.jpg,115.6,0.5122,0.4204,0.5,0.76,5,3,False,False
73,frame_0008.jpg,3.2,0.5107,0.6213,0.0,1.0,3,0,False,False
74,frame_0170.jpg,68.0,0.5099,0.4278,0.6667,0.48,5,4,False,False
75,frame_0131.jpg,52.4,0.5065,0.429,0.3333,0.96,4,2,False,False
76,frame_0128.jpg,51.2,0.5048,0.3735,0.5,0.84,5,3,False,False
77,frame_0122.jpg,48.8,0.5041,0.5682,0.3333,0.6,3,2,False,False
78,frame_0304.jpg,121.6,0.5027,0.4774,0.6667,0.32,5,4,False,False
79,frame_0094.jpg,37.6,0.4997,0.5193,0.6667,0.2,4,4,False,False
80,frame_0368.jpg,147.2,0.4928,0.5696,0.6667,0.04,7,4,False,False
81,frame_0396.jpg,158.4,0.4916,0.7192,0.3333,0.16,6,2,False,False
82,frame_0315.jpg,126.0,0.491,0.534,0.6667,0.12,5,4,False,False
83,frame_0215.jpg,86.0,0.4898,0.5877,0.3333,0.48,3,2,False,False
84,frame_0330.jpg,132.0,0.4889,0.6617,0.5,0.04,6,3,False,False
85,frame_0114.jpg,45.6,0.4888,0.4656,0.6667,0.28,5,4,False,False
86,frame_0290.jpg,116.0,0.4809,0.3418,0.5,0.8,6,3,False,False
87,frame_0033.jpg,13.2,0.4808,0.3617,0.3333,1.0,7,2,False,False
88,frame_0124.jpg,49.6,0.4789,0.3858,0.5,0.68,5,3,False,False
89,frame_0005.jpg,2.0,0.4781,0.3563,0.3333,1.0,5,2,False,False
90,frame_0287.jpg,114.8,0.4761,0.4802,0.3333,0.68,6,2,False,False
91,frame_0224.jpg,89.6,0.4702,0.6924,0.3333,0.12,4,2,False,False
92,frame_0381.jpg,152.4,0.4685,0.521,0.6667,0.04,7,4,False,False
93,frame_0068.jpg,27.2,0.4665,0.3331,0.3333,1.0,6,2,False,False
94,frame_0025.jpg,10.0,0.4623,0.4245,0.1667,1.0,2,1,False,False
95,frame_0384.jpg,153.6,0.4611,0.5582,0.5,0.16,6,3,False,False
96,frame_0285.jpg,114.0,0.461,0.582,0.1667,0.6,6,1,False,False
97,frame_0024.jpg,9.6,0.4592,0.4184,0.1667,1.0,1,1,False,False
98,frame_0023.jpg,9.2,0.4591,0.4181,0.1667,1.0,2,1,False,False
99,frame_0184.jpg,73.6,0.4566,0.5811,0.5,0.08,6,3,False,False
100,frame_0026.jpg,10.4,0.4555,0.3111,0.3333,1.0,3,2,False,False
101,frame_0198.jpg,79.2,0.4539,0.6318,0.1667,0.44,2,1,False,False
102,frame_0132.jpg,52.8,0.4531,0.3062,0.3333,1.0,6,2,False,False
103,frame_0169.jpg,67.6,0.4527,0.4974,0.3333,0.52,6,2,False,False
104,frame_0178.jpg,71.2,0.4523,0.6407,0.3333,0.16,3,2,False,False
105,frame_0179.jpg,71.6,0.4514,0.5547,0.5,0.12,3,3,False,False
106,frame_0327.jpg,130.8,0.4483,0.5806,0.5,0.04,9,3,False,False
107,frame_0173.jpg,69.2,0.4466,0.5493,0.3333,0.36,5,2,False,False
108,frame_0200.jpg,80.0,0.4466,0.4853,0.3333,0.52,2,2,False,False
109,frame_0195.jpg,78.0,0.4455,0.563,0.3333,0.32,3,2,False,False
110,frame_0018.jpg,7.2,0.4435,0.3869,0.1667,1.0,3,1,False,False
111,frame_0111.jpg,44.4,0.4428,0.8217,0.0,0.16,2,0,False,False
112,frame_0378.jpg,151.2,0.4407,0.4493,0.6667,0.08,9,4,False,False
113,frame_0183.jpg,73.2,0.4403,0.6647,0.3333,0.04,6,2,False,False
114,frame_0230.jpg,92.0,0.4383,0.5285,0.5,0.12,7,3,False,False
115,frame_0389.jpg,155.6,0.4367,0.5255,0.5,0.12,7,3,False,False
116,frame_0086.jpg,34.4,0.4363,0.3645,0.5,0.52,5,3,False,False
117,frame_0167.jpg,66.8,0.433,0.426,0.3333,0.6,5,2,False,False
118,frame_0277.jpg,110.8,0.4322,0.4525,0.5,0.28,4,3,False,False
119,frame_0329.jpg,131.6,0.4314,0.5307,0.5,0.08,6,3,False,False
120,frame_0186.jpg,74.4,0.4306,0.4451,0.6667,0.04,6,4,False,False
121,frame_0319.jpg,127.6,0.4306,0.4493,0.5,0.28,6,3,False,False
122,frame_0089.jpg,35.6,0.4301,0.4003,0.5,0.4,5,3,False,False
123,frame_0085.jpg,34.0,0.4292,0.5343,0.1667,0.56,2,1,False,False
124,frame_0296.jpg,118.4,0.429,0.402,0.3333,0.64,5,2,False,False
125,frame_0288.jpg,115.2,0.4283,0.4685,0.1667,0.72,5,1,False,False
126,frame_0377.jpg,150.8,0.4269,0.6059,0.3333,0.12,9,2,False,False
127,frame_0387.jpg,154.8,0.4263,0.4725,0.5,0.2,7,3,False,False
128,frame_0103.jpg,41.2,0.4222,0.4803,0.5,0.16,3,3,False,False
129,frame_0104.jpg,41.6,0.4207,0.4934,0.5,0.12,5,3,False,False
130,frame_0395.jpg,158.0,0.4197,0.5914,0.3333,0.12,5,2,False,False
131,frame_0105.jpg,42.0,0.4196,0.4071,0.6667,0.08,6,4,False,False
132,frame_0390.jpg,156.0,0.4191,0.5062,0.5,0.08,6,3,False,False
133,frame_0003.jpg,1.2,0.4179,0.3358,0.1667,1.0,4,1,False,False
134,frame_0300.jpg,120.0,0.4175,0.4431,0.3333,0.48,4,2,False,False
135,frame_0292.jpg,116.8,0.4138,0.4076,0.1667,0.8,4,1,False,False
136,frame_0174.jpg,69.6,0.4113,0.5945,0.1667,0.32,3,1,False,False
137,frame_0189.jpg,75.6,0.4107,0.5895,0.3333,0.08,3,2,False,False
138,frame_0394.jpg,157.6,0.4103,0.4886,0.5,0.08,3,3,False,False
139,frame_0268.jpg,107.2,0.4099,0.4877,0.5,0.08,5,3,False,False
140,frame_0399.jpg,159.6,0.4098,0.4076,0.5,0.28,5,3,False,False
141,frame_0013.jpg,5.2,0.4088,0.3176,0.1667,1.0,2,1,False,False
142,frame_0012.jpg,4.8,0.4077,0.3154,0.1667,1.0,2,1,False,False
143,frame_0096.jpg,38.4,0.4064,0.5649,0.3333,0.12,4,2,False,False
144,frame_0100.jpg,40.0,0.406,0.4959,0.5,0.04,5,3,False,False
145,frame_0294.jpg,117.6,0.4056,0.3232,0.3333,0.72,5,2,False,False
146,frame_0302.jpg,120.8,0.4051,0.3501,0.5,0.4,5,3,False,False
147,frame_0280.jpg,112.0,0.4043,0.4487,0.3333,0.4,4,2,False,False
148,frame_0067.jpg,26.8,0.4018,0.3035,0.1667,1.0,7,1,False,False
149,frame_0083.jpg,33.2,0.4012,0.4463,0.1667,0.64,3,1,False,False
150,frame_0076.jpg,30.4,0.3992,0.3304,0.1667,0.92,5,1,False,False
151,frame_0181.jpg,72.4,0.3987,0.4814,0.5,0.04,4,3,False,False
152,frame_0006.jpg,2.4,0.3974,0.2948,0.1667,1.0,4,1,False,False
153,frame_0216.jpg,86.4,0.3971,0.5182,0.1667,0.44,4,1,False,False
154,frame_0110.jpg,44.0,0.3956,0.5432,0.3333,0.12,2,2,False,False
155,frame_0177.jpg,70.8,0.3949,0.5099,0.3333,0.2,4,2,False,False
156,frame_0228.jpg,91.2,0.3947,0.4734,0.5,0.04,6,3,False,False
157,frame_0088.jpg,35.2,0.3945,0.4131,0.3333,0.44,5,2,False,False
158,frame_0279.jpg,111.6,0.3941,0.4443,0.3333,0.36,4,2,False,False
159,frame_0118.jpg,47.2,0.3939,0.4119,0.3333,0.44,2,2,False,False
160,frame_0273.jpg,109.2,0.3933,0.4387,0.5,0.12,4,3,False,False
161,frame_0194.jpg,77.6,0.3909,0.3699,0.5,0.28,4,3,False,False
162,frame_0333.jpg,133.2,0.39,0.5481,0.3333,0.08,6,2,False,False
163,frame_0320.jpg,128.0,0.3869,0.4778,0.3333,0.24,5,2,False,False
164,frame_0020.jpg,8.0,0.386,0.272,0.1667,1.0,4,1,False,False
165,frame_0222.jpg,88.8,0.3851,0.3903,0.5,0.2,3,3,False,False
166,frame_0379.jpg,151.6,0.385,0.454,0.5,0.04,9,3,False,False
167,frame_0374.jpg,149.6,0.3839,0.5877,0.1667,0.2,9,1,False,False
168,frame_0231.jpg,92.4,0.382,0.3999,0.5,0.16,7,3,False,False
169,frame_0116.jpg,46.4,0.3806,0.5171,0.1667,0.36,5,1,False,False
170,frame_0185.jpg,74.0,0.3797,0.5274,0.3333,0.08,5,2,False,False
171,frame_0385.jpg,154.0,0.3766,0.4732,0.3333,0.2,6,2,False,False
172,frame_0171.jpg,68.4,0.3732,0.4703,0.1667,0.44,3,1,False,False
173,frame_0299.jpg,119.6,0.3731,0.3382,0.3333,0.52,6,2,False,False
174,frame_0233.jpg,93.2,0.3726,0.3492,0.5,0.24,5,3,False,False
175,frame_0272.jpg,108.8,0.3707,0.5095,0.3333,0.08,3,2,False,False
176,frame_0112.jpg,44.8,0.3702,0.6604,0.0,0.2,3,0,False,False
177,frame_0192.jpg,76.8,0.3693,0.6587,0.0,0.2,3,0,False,False
178,frame_0117.jpg,46.8,0.3681,0.4762,0.1667,0.4,3,1,False,False
179,frame_0303.jpg,121.2,0.3666,0.3892,0.3333,0.36,4,2,False,False
180,frame_0383.jpg,153.2,0.3629,0.3777,0.5,0.12,3,3,False,False
181,frame_0032.jpg,12.8,0.362,0.3241,0.0,1.0,6,0,False,False
182,frame_0125.jpg,50.0,0.3618,0.3356,0.1667,0.72,5,1,False,False
183,frame_0090.jpg,36.0,0.3616,0.4791,0.1667,0.36,4,1,False,False
184,frame_0202.jpg,80.8,0.36,0.3799,0.1667,0.6,4,1,False,False
185,frame_0172.jpg,68.8,0.3584,0.3569,0.3333,0.4,4,2,False,False
186,frame_0208.jpg,83.2,0.3584,0.3127,0.1667,0.76,3,1,False,False
187,frame_0223.jpg,89.2,0.3571,0.4503,0.3333,0.16,4,2,False,False
188,frame_0081.jpg,32.4,0.3569,0.3257,0.1667,0.72,3,1,False,False
189,frame_0082.jpg,32.8,0.3528,0.3336,0.1667,0.68,2,1,False,False
190,frame_0295.jpg,118.0,0.3522,0.4323,0.0,0.68,4,0,False,False
191,frame_0308.jpg,123.2,0.3495,0.435,0.3333,0.16,5,2,False,False
192,frame_0232.jpg,92.8,0.3486,0.5172,0.1667,0.2,4,1,False,False
193,frame_0281.jpg,112.4,0.3478,0.4195,0.1667,0.44,3,1,False,False
194,frame_0201.jpg,80.4,0.3477,0.4714,0.0,0.56,2,0,False,False
195,frame_0203.jpg,81.2,0.3464,0.3367,0.1667,0.64,2,1,False,False
196,frame_0109.jpg,43.6,0.3427,0.3533,0.5,0.08,5,3,False,False
197,frame_0391.jpg,156.4,0.3354,0.3548,0.5,0.04,8,3,False,False
198,frame_0080.jpg,32.0,0.3339,0.2637,0.1667,0.76,4,1,False,False
199,frame_0372.jpg,148.8,0.3339,0.4199,0.3333,0.12,5,2,False,False
200,frame_0191.jpg,76.4,0.3338,0.5036,0.1667,0.16,2,1,False,False
201,frame_0293.jpg,117.2,0.3235,0.243,0.1667,0.76,5,1,False,False
202,frame_0271.jpg,108.4,0.3208,0.5255,0.1667,0.04,3,1,False,False
203,frame_0373.jpg,149.2,0.3197,0.4754,0.1667,0.16,5,1,False,False
204,frame_0313.jpg,125.2,0.3176,0.5192,0.1667,0.04,3,1,False,False
205,frame_0091.jpg,36.4,0.317,0.406,0.1667,0.32,3,1,False,False
206,frame_0196.jpg,78.4,0.3162,0.4884,0.0,0.36,2,0,False,False
207,frame_0213.jpg,85.2,0.3154,0.3067,0.1667,0.56,2,1,False,False
208,frame_0206.jpg,82.4,0.3137,0.2234,0.1667,0.76,2,1,False,False
209,frame_0113.jpg,45.2,0.3129,0.4297,0.1667,0.24,4,1,False,False
210,frame_0325.jpg,130.0,0.3116,0.4072,0.3333,0.04,2,2,False,False
211,frame_0098.jpg,39.2,0.3103,0.4046,0.3333,0.04,4,2,False,False
212,frame_0214.jpg,85.6,0.3088,0.3096,0.1667,0.52,3,1,False,False
213,frame_0220.jpg,88.0,0.3055,0.3989,0.1667,0.28,3,1,False,False
214,frame_0267.jpg,106.8,0.3024,0.3568,0.3333,0.12,4,2,False,False
215,frame_0022.jpg,8.8,0.2969,0.1937,0.0,1.0,4,0,False,False
216,frame_0087.jpg,34.8,0.2956,0.2992,0.1667,0.48,4,1,False,False
217,frame_0212.jpg,84.8,0.2924,0.2448,0.1667,0.6,2,1,False,False
218,frame_0314.jpg,125.6,0.2906,0.3492,0.3333,0.08,6,2,False,False
219,frame_0282.jpg,112.8,0.2902,0.3883,0.0,0.48,4,0,False,False
220,frame_0221.jpg,88.4,0.2829,0.3697,0.1667,0.24,2,1,False,False
221,frame_0307.jpg,122.8,0.2764,0.3728,0.1667,0.2,5,1,False,False
222,frame_0382.jpg,152.8,0.2733,0.3146,0.3333,0.08,6,2,False,False
223,frame_0322.jpg,128.8,0.2732,0.2825,0.3333,0.16,6,2,False,False
224,frame_0102.jpg,40.8,0.271,0.394,0.1667,0.12,3,1,False,False
225,frame_0218.jpg,87.2,0.2647,0.2854,0.1667,0.36,3,1,False,False
226,frame_0332.jpg,132.8,0.2612,0.4064,0.1667,0.04,7,1,False,False
227,frame_0370.jpg,148.0,0.2611,0.3063,0.3333,0.04,4,2,False,False
228,frame_0207.jpg,82.8,0.2586,0.1971,0.0,0.8,2,0,False,False
229,frame_0120.jpg,48.0,0.2583,0.2086,0.1667,0.52,5,1,False,False
230,frame_0115.jpg,46.0,0.2568,0.3855,0.0,0.32,5,0,False,False
231,frame_0108.jpg,43.2,0.2534,0.2909,0.3333,0.04,7,2,False,False
232,frame_0269.jpg,107.6,0.2524,0.3887,0.1667,0.04,5,1,False,False
233,frame_0278.jpg,111.2,0.2436,0.3592,0.0,0.32,5,0,False,False
234,frame_0180.jpg,72.0,0.2357,0.2395,0.3333,0.08,6,2,False,False
235,frame_0324.jpg,129.6,0.2351,0.3381,0.1667,0.08,5,1,False,False
236,frame_0211.jpg,84.4,0.2343,0.2125,0.0,0.64,3,0,False,False
237,frame_0097.jpg,38.8,0.2332,0.3344,0.1667,0.08,5,1,False,False
238,frame_0309.jpg,123.6,0.2324,0.2168,0.3333,0.12,5,2,False,False
239,frame_0388.jpg,155.2,0.2263,0.2885,0.1667,0.16,8,1,False,False
240,frame_0226.jpg,90.4,0.225,0.3339,0.1667,0.04,3,1,False,False
241,frame_0310.jpg,124.0,0.2212,0.3103,0.1667,0.08,2,1,False,False
242,frame_0190.jpg,76.0,0.2187,0.2893,0.1667,0.12,3,1,False,False
243,frame_0217.jpg,86.8,0.2187,0.2774,0.0,0.4,1,0,False,False
244,frame_0101.jpg,40.4,0.2179,0.4039,0.0,0.08,3,0,False,False
245,frame_0393.jpg,157.2,0.2174,0.3187,0.1667,0.04,3,1,False,False
246,frame_0229.jpg,91.6,0.2094,0.2867,0.1667,0.08,6,1,False,False
247,frame_0204.jpg,81.6,0.2072,0.1425,0.0,0.68,2,0,False,False
248,frame_0092.jpg,36.8,0.2036,0.2952,0.0,0.28,1,0,False,False
249,frame_0311.jpg,124.4,0.2,0.284,0.1667,0.04,3,1,False,False
250,frame_0371.jpg,148.4,0.1981,0.3642,0.0,0.08,5,0,False,False
251,frame_0199.jpg,79.6,0.1832,0.1744,0.0,0.48,1,0,False,False
252,frame_0188.jpg,75.2,0.1787,0.2414,0.1667,0.04,5,1,False,False
253,frame_0323.jpg,129.2,0.1745,0.201,0.1667,0.12,5,1,False,False
254,frame_0119.jpg,47.6,0.1721,0.1522,0.0,0.48,3,0,False,False
255,frame_0093.jpg,37.2,0.1577,0.2193,0.0,0.24,2,0,False,False
256,frame_0219.jpg,87.6,0.134,0.14,0.0,0.32,2,0,False,False
